Level,PlayerDifficulty,AvgFreedom,Ambiguity,InteractionDensity,Punishment,ShapeAwkwardness,DeadRatio,OccupiedRatio,WindDependency,ObjectivePressure,PlanningPressure,ED,CD
1,8,0.4756944444444444,0.31971153846153844,0.9375,0.33333333333333337,3.35,0.52,0.375,0.5,1.5,0.31250000000000006,=-0.06462727312395819*((C2-0.46757913436692516)/0.10912813884245519)+-0.04085839915076495*((D2-0.4630576057517674)/0.20646455623576943)+-0.01325582586926501*((E2-1.107840762273902)/0.40281036626675276)+0.020749741984031893*((F2-0.5746931524547804)/0.2846415916793825)+-0.015300680217751716*((G2-4.419767441860466)/0.8276570796770973)+-0.05905517863176681*((H2-0.538692959076421)/0.1165997989858064)+0.06750819716209572*((I2-0.3081395348837209)/0.056218264668063116)+0.06351871005875573*((J2-0.5988372093023255)/0.3150283166080015)+0.06750820616826923*((K2-1.2325581395348837)/0.22487302867225245)+-0.07641590045874966*((L2-0.656630405159884)/0.44019139681009145)+(0.3813953488372092),"=MAX(0,MIN(10,ROUND((=-0.06462727312395819*((C2-0.46757913436692516)/0.10912813884245519)+-0.04085839915076495*((D2-0.4630576057517674)/0.20646455623576943)+-0.01325582586926501*((E2-1.107840762273902)/0.40281036626675276)+0.020749741984031893*((F2-0.5746931524547804)/0.2846415916793825)+-0.015300680217751716*((G2-4.419767441860466)/0.8276570796770973)+-0.05905517863176681*((H2-0.538692959076421)/0.1165997989858064)+0.06750819716209572*((I2-0.3081395348837209)/0.056218264668063116)+0.06351871005875573*((J2-0.5988372093023255)/0.3150283166080015)+0.06750820616826923*((K2-1.2325581395348837)/0.22487302867225245)+-0.07641590045874966*((L2-0.656630405159884)/0.44019139681009145)+(0.3813953488372092))*10,0)))"
2,2,0.4097222222222222,0.7375,0.8072916666666666,0.15625,2.95,0.6268656716417911,0.25,0.5,1.0,0.12613932291666666,=-0.06462727312395819*((C3-0.46757913436692516)/0.10912813884245519)+-0.04085839915076495*((D3-0.4630576057517674)/0.20646455623576943)+-0.01325582586926501*((E3-1.107840762273902)/0.40281036626675276)+0.020749741984031893*((F3-0.5746931524547804)/0.2846415916793825)+-0.015300680217751716*((G3-4.419767441860466)/0.8276570796770973)+-0.05905517863176681*((H3-0.538692959076421)/0.1165997989858064)+0.06750819716209572*((I3-0.3081395348837209)/0.056218264668063116)+0.06351871005875573*((J3-0.5988372093023255)/0.3150283166080015)+0.06750820616826923*((K3-1.2325581395348837)/0.22487302867225245)+-0.07641590045874966*((L3-0.656630405159884)/0.44019139681009145)+(0.3813953488372092),"=MAX(0,MIN(10,ROUND((=-0.06462727312395819*((C3-0.46757913436692516)/0.10912813884245519)+-0.04085839915076495*((D3-0.4630576057517674)/0.20646455623576943)+-0.01325582586926501*((E3-1.107840762273902)/0.40281036626675276)+0.020749741984031893*((F3-0.5746931524547804)/0.2846415916793825)+-0.015300680217751716*((G3-4.419767441860466)/0.8276570796770973)+-0.05905517863176681*((H3-0.538692959076421)/0.1165997989858064)+0.06750819716209572*((I3-0.3081395348837209)/0.056218264668063116)+0.06351871005875573*((J3-0.5988372093023255)/0.3150283166080015)+0.06750820616826923*((K3-1.2325581395348837)/0.22487302867225245)+-0.07641590045874966*((L3-0.656630405159884)/0.44019139681009145)+(0.3813953488372092))*10,0)))"
3,4,0.5729166666666666,0.15058479532163743,1.4583333333333333,0.7638888888888888,4.25,0.3384615384615385,0.3125,0.75,1.25,1.1140046296296295,=-0.06462727312395819*((C4-0.46757913436692516)/0.10912813884245519)+-0.04085839915076495*((D4-0.4630576057517674)/0.20646455623576943)+-0.01325582586926501*((E4-1.107840762273902)/0.40281036626675276)+0.020749741984031893*((F4-0.5746931524547804)/0.2846415916793825)+-0.015300680217751716*((G4-4.419767441860466)/0.8276570796770973)+-0.05905517863176681*((H4-0.538692959076421)/0.1165997989858064)+0.06750819716209572*((I4-0.3081395348837209)/0.056218264668063116)+0.06351871005875573*((J4-0.5988372093023255)/0.3150283166080015)+0.06750820616826923*((K4-1.2325581395348837)/0.22487302867225245)+-0.07641590045874966*((L4-0.656630405159884)/0.44019139681009145)+(0.3813953488372092),"=MAX(0,MIN(10,ROUND((=-0.06462727312395819*((C4-0.46757913436692516)/0.10912813884245519)+-0.04085839915076495*((D4-0.4630576057517674)/0.20646455623576943)+-0.01325582586926501*((E4-1.107840762273902)/0.40281036626675276)+0.020749741984031893*((F4-0.5746931524547804)/0.2846415916793825)+-0.015300680217751716*((G4-4.419767441860466)/0.8276570796770973)+-0.05905517863176681*((H4-0.538692959076421)/0.1165997989858064)+0.06750819716209572*((I4-0.3081395348837209)/0.056218264668063116)+0.06351871005875573*((J4-0.5988372093023255)/0.3150283166080015)+0.06750820616826923*((K4-1.2325581395348837)/0.22487302867225245)+-0.07641590045874966*((L4-0.656630405159884)/0.44019139681009145)+(0.3813953488372092))*10,0)))"
4,2,0.3958333333333333,0.8055555555555556,0.7291666666666666,0.29166666666666663,4.5,0.5789473684210527,0.1875,1.0,0.75,0.21267361111111108,=-0.06462727312395819*((C5-0.46757913436692516)/0.10912813884245519)+-0.04085839915076495*((D5-0.4630576057517674)/0.20646455623576943)+-0.01325582586926501*((E5-1.107840762273902)/0.40281036626675276)+0.020749741984031893*((F5-0.5746931524547804)/0.2846415916793825)+-0.015300680217751716*((G5-4.419767441860466)/0.8276570796770973)+-0.05905517863176681*((H5-0.538692959076421)/0.1165997989858064)+0.06750819716209572*((I5-0.3081395348837209)/0.056218264668063116)+0.06351871005875573*((J5-0.5988372093023255)/0.3150283166080015)+0.06750820616826923*((K5-1.2325581395348837)/0.22487302867225245)+-0.07641590045874966*((L5-0.656630405159884)/0.44019139681009145)+(0.3813953488372092),"=MAX(0,MIN(10,ROUND((=-0.06462727312395819*((C5-0.46757913436692516)/0.10912813884245519)+-0.04085839915076495*((D5-0.4630576057517674)/0.20646455623576943)+-0.01325582586926501*((E5-1.107840762273902)/0.40281036626675276)+0.020749741984031893*((F5-0.5746931524547804)/0.2846415916793825)+-0.015300680217751716*((G5-4.419767441860466)/0.8276570796770973)+-0.05905517863176681*((H5-0.538692959076421)/0.1165997989858064)+0.06750819716209572*((I5-0.3081395348837209)/0.056218264668063116)+0.06351871005875573*((J5-0.5988372093023255)/0.3150283166080015)+0.06750820616826923*((K5-1.2325581395348837)/0.22487302867225245)+-0.07641590045874966*((L5-0.656630405159884)/0.44019139681009145)+(0.3813953488372092))*10,0)))"
5,5,0.3975694444444445,0.38690476190476186,0.9166666666666666,1.5364583333333333,4.050000000000001,0.64,0.375,0.5,1.5,1.4084201388888888,=-0.06462727312395819*((C6-0.46757913436692516)/0.10912813884245519)+-0.04085839915076495*((D6-0.4630576057517674)/0.20646455623576943)+-0.01325582586926501*((E6-1.107840762273902)/0.40281036626675276)+0.020749741984031893*((F6-0.5746931524547804)/0.2846415916793825)+-0.015300680217751716*((G6-4.419767441860466)/0.8276570796770973)+-0.05905517863176681*((H6-0.538692959076421)/0.1165997989858064)+0.06750819716209572*((I6-0.3081395348837209)/0.056218264668063116)+0.06351871005875573*((J6-0.5988372093023255)/0.3150283166080015)+0.06750820616826923*((K6-1.2325581395348837)/0.22487302867225245)+-0.07641590045874966*((L6-0.656630405159884)/0.44019139681009145)+(0.3813953488372092),"=MAX(0,MIN(10,ROUND((=-0.06462727312395819*((C6-0.46757913436692516)/0.10912813884245519)+-0.04085839915076495*((D6-0.4630576057517674)/0.20646455623576943)+-0.01325582586926501*((E6-1.107840762273902)/0.40281036626675276)+0.020749741984031893*((F6-0.5746931524547804)/0.2846415916793825)+-0.015300680217751716*((G6-4.419767441860466)/0.8276570796770973)+-0.05905517863176681*((H6-0.538692959076421)/0.1165997989858064)+0.06750819716209572*((I6-0.3081395348837209)/0.056218264668063116)+0.06351871005875573*((J6-0.5988372093023255)/0.3150283166080015)+0.06750820616826923*((K6-1.2325581395348837)/0.22487302867225245)+-0.07641590045874966*((L6-0.656630405159884)/0.44019139681009145)+(0.3813953488372092))*10,0)))"
6,4,0.44791666666666663,0.703125,1.125,0.390625,6.300000000000001,0.5178571428571429,0.3125,0.75,1.25,0.439453125,=-0.06462727312395819*((C7-0.46757913436692516)/0.10912813884245519)+-0.04085839915076495*((D7-0.4630576057517674)/0.20646455623576943)+-0.01325582586926501*((E7-1.107840762273902)/0.40281036626675276)+0.020749741984031893*((F7-0.5746931524547804)/0.2846415916793825)+-0.015300680217751716*((G7-4.419767441860466)/0.8276570796770973)+-0.05905517863176681*((H7-0.538692959076421)/0.1165997989858064)+0.06750819716209572*((I7-0.3081395348837209)/0.056218264668063116)+0.06351871005875573*((J7-0.5988372093023255)/0.3150283166080015)+0.06750820616826923*((K7-1.2325581395348837)/0.22487302867225245)+-0.07641590045874966*((L7-0.656630405159884)/0.44019139681009145)+(0.3813953488372092),"=MAX(0,MIN(10,ROUND((=-0.06462727312395819*((C7-0.46757913436692516)/0.10912813884245519)+-0.04085839915076495*((D7-0.4630576057517674)/0.20646455623576943)+-0.01325582586926501*((E7-1.107840762273902)/0.40281036626675276)+0.020749741984031893*((F7-0.5746931524547804)/0.2846415916793825)+-0.015300680217751716*((G7-4.419767441860466)/0.8276570796770973)+-0.05905517863176681*((H7-0.538692959076421)/0.1165997989858064)+0.06750819716209572*((I7-0.3081395348837209)/0.056218264668063116)+0.06351871005875573*((J7-0.5988372093023255)/0.3150283166080015)+0.06750820616826923*((K7-1.2325581395348837)/0.22487302867225245)+-0.07641590045874966*((L7-0.656630405159884)/0.44019139681009145)+(0.3813953488372092))*10,0)))"
7,6,0.3159722222222222,0.59375,0.8229166666666666,0.6927083333333333,5.3500000000000005,0.7142857142857143,0.3125,0.75,1.25,0.5700412326388888,=-0.06462727312395819*((C8-0.46757913436692516)/0.10912813884245519)+-0.04085839915076495*((D8-0.4630576057517674)/0.20646455623576943)+-0.01325582586926501*((E8-1.107840762273902)/0.40281036626675276)+0.020749741984031893*((F8-0.5746931524547804)/0.2846415916793825)+-0.015300680217751716*((G8-4.419767441860466)/0.8276570796770973)+-0.05905517863176681*((H8-0.538692959076421)/0.1165997989858064)+0.06750819716209572*((I8-0.3081395348837209)/0.056218264668063116)+0.06351871005875573*((J8-0.5988372093023255)/0.3150283166080015)+0.06750820616826923*((K8-1.2325581395348837)/0.22487302867225245)+-0.07641590045874966*((L8-0.656630405159884)/0.44019139681009145)+(0.3813953488372092),"=MAX(0,MIN(10,ROUND((=-0.06462727312395819*((C8-0.46757913436692516)/0.10912813884245519)+-0.04085839915076495*((D8-0.4630576057517674)/0.20646455623576943)+-0.01325582586926501*((E8-1.107840762273902)/0.40281036626675276)+0.020749741984031893*((F8-0.5746931524547804)/0.2846415916793825)+-0.015300680217751716*((G8-4.419767441860466)/0.8276570796770973)+-0.05905517863176681*((H8-0.538692959076421)/0.1165997989858064)+0.06750819716209572*((I8-0.3081395348837209)/0.056218264668063116)+0.06351871005875573*((J8-0.5988372093023255)/0.3150283166080015)+0.06750820616826923*((K8-1.2325581395348837)/0.22487302867225245)+-0.07641590045874966*((L8-0.656630405159884)/0.44019139681009145)+(0.3813953488372092))*10,0)))"
8,6,0.4791666666666667,0.3302521008403361,1.34375,0.4340277777777778,4.8500000000000005,0.5098039215686274,0.3125,0.75,1.25,0.583224826388889,=-0.06462727312395819*((C9-0.46757913436692516)/0.10912813884245519)+-0.04085839915076495*((D9-0.4630576057517674)/0.20646455623576943)+-0.01325582586926501*((E9-1.107840762273902)/0.40281036626675276)+0.020749741984031893*((F9-0.5746931524547804)/0.2846415916793825)+-0.015300680217751716*((G9-4.419767441860466)/0.8276570796770973)+-0.05905517863176681*((H9-0.538692959076421)/0.1165997989858064)+0.06750819716209572*((I9-0.3081395348837209)/0.056218264668063116)+0.06351871005875573*((J9-0.5988372093023255)/0.3150283166080015)+0.06750820616826923*((K9-1.2325581395348837)/0.22487302867225245)+-0.07641590045874966*((L9-0.656630405159884)/0.44019139681009145)+(0.3813953488372092),"=MAX(0,MIN(10,ROUND((=-0.06462727312395819*((C9-0.46757913436692516)/0.10912813884245519)+-0.04085839915076495*((D9-0.4630576057517674)/0.20646455623576943)+-0.01325582586926501*((E9-1.107840762273902)/0.40281036626675276)+0.020749741984031893*((F9-0.5746931524547804)/0.2846415916793825)+-0.015300680217751716*((G9-4.419767441860466)/0.8276570796770973)+-0.05905517863176681*((H9-0.538692959076421)/0.1165997989858064)+0.06750819716209572*((I9-0.3081395348837209)/0.056218264668063116)+0.06351871005875573*((J9-0.5988372093023255)/0.3150283166080015)+0.06750820616826923*((K9-1.2325581395348837)/0.22487302867225245)+-0.07641590045874966*((L9-0.656630405159884)/0.44019139681009145)+(0.3813953488372092))*10,0)))"
9,7,0.7100694444444444,0.12767232767232767,1.7118055555555556,0.5069444444444444,4.95,0.34615384615384615,0.4375,1.0,1.75,0.8677903163580246,=-0.06462727312395819*((C10-0.46757913436692516)/0.10912813884245519)+-0.04085839915076495*((D10-0.4630576057517674)/0.20646455623576943)+-0.01325582586926501*((E10-1.107840762273902)/0.40281036626675276)+0.020749741984031893*((F10-0.5746931524547804)/0.2846415916793825)+-0.015300680217751716*((G10-4.419767441860466)/0.8276570796770973)+-0.05905517863176681*((H10-0.538692959076421)/0.1165997989858064)+0.06750819716209572*((I10-0.3081395348837209)/0.056218264668063116)+0.06351871005875573*((J10-0.5988372093023255)/0.3150283166080015)+0.06750820616826923*((K10-1.2325581395348837)/0.22487302867225245)+-0.07641590045874966*((L10-0.656630405159884)/0.44019139681009145)+(0.3813953488372092),"=MAX(0,MIN(10,ROUND((=-0.06462727312395819*((C10-0.46757913436692516)/0.10912813884245519)+-0.04085839915076495*((D10-0.4630576057517674)/0.20646455623576943)+-0.01325582586926501*((E10-1.107840762273902)/0.40281036626675276)+0.020749741984031893*((F10-0.5746931524547804)/0.2846415916793825)+-0.015300680217751716*((G10-4.419767441860466)/0.8276570796770973)+-0.05905517863176681*((H10-0.538692959076421)/0.1165997989858064)+0.06750819716209572*((I10-0.3081395348837209)/0.056218264668063116)+0.06351871005875573*((J10-0.5988372093023255)/0.3150283166080015)+0.06750820616826923*((K10-1.2325581395348837)/0.22487302867225245)+-0.07641590045874966*((L10-0.656630405159884)/0.44019139681009145)+(0.3813953488372092))*10,0)))"
10,4,0.2916666666666667,0.4126984126984127,0.625,1.2708333333333333,5.3500000000000005,0.7142857142857143,0.3125,0.75,1.25,0.7942708333333333,=-0.06462727312395819*((C11-0.46757913436692516)/0.10912813884245519)+-0.04085839915076495*((D11-0.4630576057517674)/0.20646455623576943)+-0.01325582586926501*((E11-1.107840762273902)/0.40281036626675276)+0.020749741984031893*((F11-0.5746931524547804)/0.2846415916793825)+-0.015300680217751716*((G11-4.419767441860466)/0.8276570796770973)+-0.05905517863176681*((H11-0.538692959076421)/0.1165997989858064)+0.06750819716209572*((I11-0.3081395348837209)/0.056218264668063116)+0.06351871005875573*((J11-0.5988372093023255)/0.3150283166080015)+0.06750820616826923*((K11-1.2325581395348837)/0.22487302867225245)+-0.07641590045874966*((L11-0.656630405159884)/0.44019139681009145)+(0.3813953488372092),"=MAX(0,MIN(10,ROUND((=-0.06462727312395819*((C11-0.46757913436692516)/0.10912813884245519)+-0.04085839915076495*((D11-0.4630576057517674)/0.20646455623576943)+-0.01325582586926501*((E11-1.107840762273902)/0.40281036626675276)+0.020749741984031893*((F11-0.5746931524547804)/0.2846415916793825)+-0.015300680217751716*((G11-4.419767441860466)/0.8276570796770973)+-0.05905517863176681*((H11-0.538692959076421)/0.1165997989858064)+0.06750819716209572*((I11-0.3081395348837209)/0.056218264668063116)+0.06351871005875573*((J11-0.5988372093023255)/0.3150283166080015)+0.06750820616826923*((K11-1.2325581395348837)/0.22487302867225245)+-0.07641590045874966*((L11-0.656630405159884)/0.44019139681009145)+(0.3813953488372092))*10,0)))"
11,5,0.4756944444444444,0.47291666666666665,0.9791666666666666,0.5208333333333333,3.5500000000000003,0.532608695652174,0.3125,1.5,1.25,0.5099826388888888,=-0.06462727312395819*((C12-0.46757913436692516)/0.10912813884245519)+-0.04085839915076495*((D12-0.4630576057517674)/0.20646455623576943)+-0.01325582586926501*((E12-1.107840762273902)/0.40281036626675276)+0.020749741984031893*((F12-0.5746931524547804)/0.2846415916793825)+-0.015300680217751716*((G12-4.419767441860466)/0.8276570796770973)+-0.05905517863176681*((H12-0.538692959076421)/0.1165997989858064)+0.06750819716209572*((I12-0.3081395348837209)/0.056218264668063116)+0.06351871005875573*((J12-0.5988372093023255)/0.3150283166080015)+0.06750820616826923*((K12-1.2325581395348837)/0.22487302867225245)+-0.07641590045874966*((L12-0.656630405159884)/0.44019139681009145)+(0.3813953488372092),"=MAX(0,MIN(10,ROUND((=-0.06462727312395819*((C12-0.46757913436692516)/0.10912813884245519)+-0.04085839915076495*((D12-0.4630576057517674)/0.20646455623576943)+-0.01325582586926501*((E12-1.107840762273902)/0.40281036626675276)+0.020749741984031893*((F12-0.5746931524547804)/0.2846415916793825)+-0.015300680217751716*((G12-4.419767441860466)/0.8276570796770973)+-0.05905517863176681*((H12-0.538692959076421)/0.1165997989858064)+0.06750819716209572*((I12-0.3081395348837209)/0.056218264668063116)+0.06351871005875573*((J12-0.5988372093023255)/0.3150283166080015)+0.06750820616826923*((K12-1.2325581395348837)/0.22487302867225245)+-0.07641590045874966*((L12-0.656630405159884)/0.44019139681009145)+(0.3813953488372092))*10,0)))"
12,4,0.5104166666666666,0.43452380952380953,1.34375,0.8333333333333333,4.2,0.4895833333333333,0.3125,0.5,1.25,1.1197916666666665,=-0.06462727312395819*((C13-0.46757913436692516)/0.10912813884245519)+-0.04085839915076495*((D13-0.4630576057517674)/0.20646455623576943)+-0.01325582586926501*((E13-1.107840762273902)/0.40281036626675276)+0.020749741984031893*((F13-0.5746931524547804)/0.2846415916793825)+-0.015300680217751716*((G13-4.419767441860466)/0.8276570796770973)+-0.05905517863176681*((H13-0.538692959076421)/0.1165997989858064)+0.06750819716209572*((I13-0.3081395348837209)/0.056218264668063116)+0.06351871005875573*((J13-0.5988372093023255)/0.3150283166080015)+0.06750820616826923*((K13-1.2325581395348837)/0.22487302867225245)+-0.07641590045874966*((L13-0.656630405159884)/0.44019139681009145)+(0.3813953488372092),"=MAX(0,MIN(10,ROUND((=-0.06462727312395819*((C13-0.46757913436692516)/0.10912813884245519)+-0.04085839915076495*((D13-0.4630576057517674)/0.20646455623576943)+-0.01325582586926501*((E13-1.107840762273902)/0.40281036626675276)+0.020749741984031893*((F13-0.5746931524547804)/0.2846415916793825)+-0.015300680217751716*((G13-4.419767441860466)/0.8276570796770973)+-0.05905517863176681*((H13-0.538692959076421)/0.1165997989858064)+0.06750819716209572*((I13-0.3081395348837209)/0.056218264668063116)+0.06351871005875573*((J13-0.5988372093023255)/0.3150283166080015)+0.06750820616826923*((K13-1.2325581395348837)/0.22487302867225245)+-0.07641590045874966*((L13-0.656630405159884)/0.44019139681009145)+(0.3813953488372092))*10,0)))"
13,2,0.625,0.7708333333333334,1.2916666666666665,0.40972222222222227,2.4,0.4,0.3125,0.75,1.25,0.529224537037037,=-0.06462727312395819*((C14-0.46757913436692516)/0.10912813884245519)+-0.04085839915076495*((D14-0.4630576057517674)/0.20646455623576943)+-0.01325582586926501*((E14-1.107840762273902)/0.40281036626675276)+0.020749741984031893*((F14-0.5746931524547804)/0.2846415916793825)+-0.015300680217751716*((G14-4.419767441860466)/0.8276570796770973)+-0.05905517863176681*((H14-0.538692959076421)/0.1165997989858064)+0.06750819716209572*((I14-0.3081395348837209)/0.056218264668063116)+0.06351871005875573*((J14-0.5988372093023255)/0.3150283166080015)+0.06750820616826923*((K14-1.2325581395348837)/0.22487302867225245)+-0.07641590045874966*((L14-0.656630405159884)/0.44019139681009145)+(0.3813953488372092),"=MAX(0,MIN(10,ROUND((=-0.06462727312395819*((C14-0.46757913436692516)/0.10912813884245519)+-0.04085839915076495*((D14-0.4630576057517674)/0.20646455623576943)+-0.01325582586926501*((E14-1.107840762273902)/0.40281036626675276)+0.020749741984031893*((F14-0.5746931524547804)/0.2846415916793825)+-0.015300680217751716*((G14-4.419767441860466)/0.8276570796770973)+-0.05905517863176681*((H14-0.538692959076421)/0.1165997989858064)+0.06750819716209572*((I14-0.3081395348837209)/0.056218264668063116)+0.06351871005875573*((J14-0.5988372093023255)/0.3150283166080015)+0.06750820616826923*((K14-1.2325581395348837)/0.22487302867225245)+-0.07641590045874966*((L14-0.656630405159884)/0.44019139681009145)+(0.3813953488372092))*10,0)))"
14,0,0.2916666666666667,0.75,0.4791666666666667,0.2604166666666667,5.25,0.7129629629629629,0.1875,0.5,0.75,0.12478298611111112,=-0.06462727312395819*((C15-0.46757913436692516)/0.10912813884245519)+-0.04085839915076495*((D15-0.4630576057517674)/0.20646455623576943)+-0.01325582586926501*((E15-1.107840762273902)/0.40281036626675276)+0.020749741984031893*((F15-0.5746931524547804)/0.2846415916793825)+-0.015300680217751716*((G15-4.419767441860466)/0.8276570796770973)+-0.05905517863176681*((H15-0.538692959076421)/0.1165997989858064)+0.06750819716209572*((I15-0.3081395348837209)/0.056218264668063116)+0.06351871005875573*((J15-0.5988372093023255)/0.3150283166080015)+0.06750820616826923*((K15-1.2325581395348837)/0.22487302867225245)+-0.07641590045874966*((L15-0.656630405159884)/0.44019139681009145)+(0.3813953488372092),"=MAX(0,MIN(10,ROUND((=-0.06462727312395819*((C15-0.46757913436692516)/0.10912813884245519)+-0.04085839915076495*((D15-0.4630576057517674)/0.20646455623576943)+-0.01325582586926501*((E15-1.107840762273902)/0.40281036626675276)+0.020749741984031893*((F15-0.5746931524547804)/0.2846415916793825)+-0.015300680217751716*((G15-4.419767441860466)/0.8276570796770973)+-0.05905517863176681*((H15-0.538692959076421)/0.1165997989858064)+0.06750819716209572*((I15-0.3081395348837209)/0.056218264668063116)+0.06351871005875573*((J15-0.5988372093023255)/0.3150283166080015)+0.06750820616826923*((K15-1.2325581395348837)/0.22487302867225245)+-0.07641590045874966*((L15-0.656630405159884)/0.44019139681009145)+(0.3813953488372092))*10,0)))"
15,4,0.53125,0.569047619047619,1.09375,0.4375,4.5,0.515625,0.3125,0.5,1.25,0.478515625,=-0.06462727312395819*((C16-0.46757913436692516)/0.10912813884245519)+-0.04085839915076495*((D16-0.4630576057517674)/0.20646455623576943)+-0.01325582586926501*((E16-1.107840762273902)/0.40281036626675276)+0.020749741984031893*((F16-0.5746931524547804)/0.2846415916793825)+-0.015300680217751716*((G16-4.419767441860466)/0.8276570796770973)+-0.05905517863176681*((H16-0.538692959076421)/0.1165997989858064)+0.06750819716209572*((I16-0.3081395348837209)/0.056218264668063116)+0.06351871005875573*((J16-0.5988372093023255)/0.3150283166080015)+0.06750820616826923*((K16-1.2325581395348837)/0.22487302867225245)+-0.07641590045874966*((L16-0.656630405159884)/0.44019139681009145)+(0.3813953488372092),"=MAX(0,MIN(10,ROUND((=-0.06462727312395819*((C16-0.46757913436692516)/0.10912813884245519)+-0.04085839915076495*((D16-0.4630576057517674)/0.20646455623576943)+-0.01325582586926501*((E16-1.107840762273902)/0.40281036626675276)+0.020749741984031893*((F16-0.5746931524547804)/0.2846415916793825)+-0.015300680217751716*((G16-4.419767441860466)/0.8276570796770973)+-0.05905517863176681*((H16-0.538692959076421)/0.1165997989858064)+0.06750819716209572*((I16-0.3081395348837209)/0.056218264668063116)+0.06351871005875573*((J16-0.5988372093023255)/0.3150283166080015)+0.06750820616826923*((K16-1.2325581395348837)/0.22487302867225245)+-0.07641590045874966*((L16-0.656630405159884)/0.44019139681009145)+(0.3813953488372092))*10,0)))"
16,5,0.5694444444444444,0.4152173913043478,1.1875,0.6875,4.2,0.4166666666666667,0.3125,0.5,1.25,0.81640625,=-0.06462727312395819*((C17-0.46757913436692516)/0.10912813884245519)+-0.04085839915076495*((D17-0.4630576057517674)/0.20646455623576943)+-0.01325582586926501*((E17-1.107840762273902)/0.40281036626675276)+0.020749741984031893*((F17-0.5746931524547804)/0.2846415916793825)+-0.015300680217751716*((G17-4.419767441860466)/0.8276570796770973)+-0.05905517863176681*((H17-0.538692959076421)/0.1165997989858064)+0.06750819716209572*((I17-0.3081395348837209)/0.056218264668063116)+0.06351871005875573*((J17-0.5988372093023255)/0.3150283166080015)+0.06750820616826923*((K17-1.2325581395348837)/0.22487302867225245)+-0.07641590045874966*((L17-0.656630405159884)/0.44019139681009145)+(0.3813953488372092),"=MAX(0,MIN(10,ROUND((=-0.06462727312395819*((C17-0.46757913436692516)/0.10912813884245519)+-0.04085839915076495*((D17-0.4630576057517674)/0.20646455623576943)+-0.01325582586926501*((E17-1.107840762273902)/0.40281036626675276)+0.020749741984031893*((F17-0.5746931524547804)/0.2846415916793825)+-0.015300680217751716*((G17-4.419767441860466)/0.8276570796770973)+-0.05905517863176681*((H17-0.538692959076421)/0.1165997989858064)+0.06750819716209572*((I17-0.3081395348837209)/0.056218264668063116)+0.06351871005875573*((J17-0.5988372093023255)/0.3150283166080015)+0.06750820616826923*((K17-1.2325581395348837)/0.22487302867225245)+-0.07641590045874966*((L17-0.656630405159884)/0.44019139681009145)+(0.3813953488372092))*10,0)))"
17,4,0.40625,0.6778074866310161,0.9270833333333334,0.6145833333333333,5.300000000000001,0.5625,0.3125,0.5,1.25,0.5697699652777777,=-0.06462727312395819*((C18-0.46757913436692516)/0.10912813884245519)+-0.04085839915076495*((D18-0.4630576057517674)/0.20646455623576943)+-0.01325582586926501*((E18-1.107840762273902)/0.40281036626675276)+0.020749741984031893*((F18-0.5746931524547804)/0.2846415916793825)+-0.015300680217751716*((G18-4.419767441860466)/0.8276570796770973)+-0.05905517863176681*((H18-0.538692959076421)/0.1165997989858064)+0.06750819716209572*((I18-0.3081395348837209)/0.056218264668063116)+0.06351871005875573*((J18-0.5988372093023255)/0.3150283166080015)+0.06750820616826923*((K18-1.2325581395348837)/0.22487302867225245)+-0.07641590045874966*((L18-0.656630405159884)/0.44019139681009145)+(0.3813953488372092),"=MAX(0,MIN(10,ROUND((=-0.06462727312395819*((C18-0.46757913436692516)/0.10912813884245519)+-0.04085839915076495*((D18-0.4630576057517674)/0.20646455623576943)+-0.01325582586926501*((E18-1.107840762273902)/0.40281036626675276)+0.020749741984031893*((F18-0.5746931524547804)/0.2846415916793825)+-0.015300680217751716*((G18-4.419767441860466)/0.8276570796770973)+-0.05905517863176681*((H18-0.538692959076421)/0.1165997989858064)+0.06750819716209572*((I18-0.3081395348837209)/0.056218264668063116)+0.06351871005875573*((J18-0.5988372093023255)/0.3150283166080015)+0.06750820616826923*((K18-1.2325581395348837)/0.22487302867225245)+-0.07641590045874966*((L18-0.656630405159884)/0.44019139681009145)+(0.3813953488372092))*10,0)))"
18,8,0.5347222222222222,0.14087301587301587,1.625,0.8715277777777778,4.5,0.45555555555555555,0.4375,1.5,1.75,1.4162326388888888,=-0.06462727312395819*((C19-0.46757913436692516)/0.10912813884245519)+-0.04085839915076495*((D19-0.4630576057517674)/0.20646455623576943)+-0.01325582586926501*((E19-1.107840762273902)/0.40281036626675276)+0.020749741984031893*((F19-0.5746931524547804)/0.2846415916793825)+-0.015300680217751716*((G19-4.419767441860466)/0.8276570796770973)+-0.05905517863176681*((H19-0.538692959076421)/0.1165997989858064)+0.06750819716209572*((I19-0.3081395348837209)/0.056218264668063116)+0.06351871005875573*((J19-0.5988372093023255)/0.3150283166080015)+0.06750820616826923*((K19-1.2325581395348837)/0.22487302867225245)+-0.07641590045874966*((L19-0.656630405159884)/0.44019139681009145)+(0.3813953488372092),"=MAX(0,MIN(10,ROUND((=-0.06462727312395819*((C19-0.46757913436692516)/0.10912813884245519)+-0.04085839915076495*((D19-0.4630576057517674)/0.20646455623576943)+-0.01325582586926501*((E19-1.107840762273902)/0.40281036626675276)+0.020749741984031893*((F19-0.5746931524547804)/0.2846415916793825)+-0.015300680217751716*((G19-4.419767441860466)/0.8276570796770973)+-0.05905517863176681*((H19-0.538692959076421)/0.1165997989858064)+0.06750819716209572*((I19-0.3081395348837209)/0.056218264668063116)+0.06351871005875573*((J19-0.5988372093023255)/0.3150283166080015)+0.06750820616826923*((K19-1.2325581395348837)/0.22487302867225245)+-0.07641590045874966*((L19-0.656630405159884)/0.44019139681009145)+(0.3813953488372092))*10,0)))"
19,10,0.41145833333333337,0.3125,1.0052083333333333,0.8854166666666667,4.4,0.5909090909090909,0.3125,1.0,1.25,0.8900282118055556,=-0.06462727312395819*((C20-0.46757913436692516)/0.10912813884245519)+-0.04085839915076495*((D20-0.4630576057517674)/0.20646455623576943)+-0.01325582586926501*((E20-1.107840762273902)/0.40281036626675276)+0.020749741984031893*((F20-0.5746931524547804)/0.2846415916793825)+-0.015300680217751716*((G20-4.419767441860466)/0.8276570796770973)+-0.05905517863176681*((H20-0.538692959076421)/0.1165997989858064)+0.06750819716209572*((I20-0.3081395348837209)/0.056218264668063116)+0.06351871005875573*((J20-0.5988372093023255)/0.3150283166080015)+0.06750820616826923*((K20-1.2325581395348837)/0.22487302867225245)+-0.07641590045874966*((L20-0.656630405159884)/0.44019139681009145)+(0.3813953488372092),"=MAX(0,MIN(10,ROUND((=-0.06462727312395819*((C20-0.46757913436692516)/0.10912813884245519)+-0.04085839915076495*((D20-0.4630576057517674)/0.20646455623576943)+-0.01325582586926501*((E20-1.107840762273902)/0.40281036626675276)+0.020749741984031893*((F20-0.5746931524547804)/0.2846415916793825)+-0.015300680217751716*((G20-4.419767441860466)/0.8276570796770973)+-0.05905517863176681*((H20-0.538692959076421)/0.1165997989858064)+0.06750819716209572*((I20-0.3081395348837209)/0.056218264668063116)+0.06351871005875573*((J20-0.5988372093023255)/0.3150283166080015)+0.06750820616826923*((K20-1.2325581395348837)/0.22487302867225245)+-0.07641590045874966*((L20-0.656630405159884)/0.44019139681009145)+(0.3813953488372092))*10,0)))"
20,2,0.40625,0.18095238095238095,0.8958333333333333,0.8125,5.6000000000000005,0.59375,0.25,0.0,1.0,0.7278645833333333,=-0.06462727312395819*((C21-0.46757913436692516)/0.10912813884245519)+-0.04085839915076495*((D21-0.4630576057517674)/0.20646455623576943)+-0.01325582586926501*((E21-1.107840762273902)/0.40281036626675276)+0.020749741984031893*((F21-0.5746931524547804)/0.2846415916793825)+-0.015300680217751716*((G21-4.419767441860466)/0.8276570796770973)+-0.05905517863176681*((H21-0.538692959076421)/0.1165997989858064)+0.06750819716209572*((I21-0.3081395348837209)/0.056218264668063116)+0.06351871005875573*((J21-0.5988372093023255)/0.3150283166080015)+0.06750820616826923*((K21-1.2325581395348837)/0.22487302867225245)+-0.07641590045874966*((L21-0.656630405159884)/0.44019139681009145)+(0.3813953488372092),"=MAX(0,MIN(10,ROUND((=-0.06462727312395819*((C21-0.46757913436692516)/0.10912813884245519)+-0.04085839915076495*((D21-0.4630576057517674)/0.20646455623576943)+-0.01325582586926501*((E21-1.107840762273902)/0.40281036626675276)+0.020749741984031893*((F21-0.5746931524547804)/0.2846415916793825)+-0.015300680217751716*((G21-4.419767441860466)/0.8276570796770973)+-0.05905517863176681*((H21-0.538692959076421)/0.1165997989858064)+0.06750819716209572*((I21-0.3081395348837209)/0.056218264668063116)+0.06351871005875573*((J21-0.5988372093023255)/0.3150283166080015)+0.06750820616826923*((K21-1.2325581395348837)/0.22487302867225245)+-0.07641590045874966*((L21-0.656630405159884)/0.44019139681009145)+(0.3813953488372092))*10,0)))"
21,6,0.5277777777777778,0.3471320346320346,1.3229166666666667,0.5555555555555556,3.85,0.4567901234567901,0.3125,1.0,1.25,0.7349537037037038,=-0.06462727312395819*((C22-0.46757913436692516)/0.10912813884245519)+-0.04085839915076495*((D22-0.4630576057517674)/0.20646455623576943)+-0.01325582586926501*((E22-1.107840762273902)/0.40281036626675276)+0.020749741984031893*((F22-0.5746931524547804)/0.2846415916793825)+-0.015300680217751716*((G22-4.419767441860466)/0.8276570796770973)+-0.05905517863176681*((H22-0.538692959076421)/0.1165997989858064)+0.06750819716209572*((I22-0.3081395348837209)/0.056218264668063116)+0.06351871005875573*((J22-0.5988372093023255)/0.3150283166080015)+0.06750820616826923*((K22-1.2325581395348837)/0.22487302867225245)+-0.07641590045874966*((L22-0.656630405159884)/0.44019139681009145)+(0.3813953488372092),"=MAX(0,MIN(10,ROUND((=-0.06462727312395819*((C22-0.46757913436692516)/0.10912813884245519)+-0.04085839915076495*((D22-0.4630576057517674)/0.20646455623576943)+-0.01325582586926501*((E22-1.107840762273902)/0.40281036626675276)+0.020749741984031893*((F22-0.5746931524547804)/0.2846415916793825)+-0.015300680217751716*((G22-4.419767441860466)/0.8276570796770973)+-0.05905517863176681*((H22-0.538692959076421)/0.1165997989858064)+0.06750819716209572*((I22-0.3081395348837209)/0.056218264668063116)+0.06351871005875573*((J22-0.5988372093023255)/0.3150283166080015)+0.06750820616826923*((K22-1.2325581395348837)/0.22487302867225245)+-0.07641590045874966*((L22-0.656630405159884)/0.44019139681009145)+(0.3813953488372092))*10,0)))"
22,4,0.2326388888888889,0.9375,0.4652777777777778,0.2777777777777778,3.8000000000000003,0.8045977011494253,0.25,0.5,1.0,0.12924382716049385,=-0.06462727312395819*((C23-0.46757913436692516)/0.10912813884245519)+-0.04085839915076495*((D23-0.4630576057517674)/0.20646455623576943)+-0.01325582586926501*((E23-1.107840762273902)/0.40281036626675276)+0.020749741984031893*((F23-0.5746931524547804)/0.2846415916793825)+-0.015300680217751716*((G23-4.419767441860466)/0.8276570796770973)+-0.05905517863176681*((H23-0.538692959076421)/0.1165997989858064)+0.06750819716209572*((I23-0.3081395348837209)/0.056218264668063116)+0.06351871005875573*((J23-0.5988372093023255)/0.3150283166080015)+0.06750820616826923*((K23-1.2325581395348837)/0.22487302867225245)+-0.07641590045874966*((L23-0.656630405159884)/0.44019139681009145)+(0.3813953488372092),"=MAX(0,MIN(10,ROUND((=-0.06462727312395819*((C23-0.46757913436692516)/0.10912813884245519)+-0.04085839915076495*((D23-0.4630576057517674)/0.20646455623576943)+-0.01325582586926501*((E23-1.107840762273902)/0.40281036626675276)+0.020749741984031893*((F23-0.5746931524547804)/0.2846415916793825)+-0.015300680217751716*((G23-4.419767441860466)/0.8276570796770973)+-0.05905517863176681*((H23-0.538692959076421)/0.1165997989858064)+0.06750819716209572*((I23-0.3081395348837209)/0.056218264668063116)+0.06351871005875573*((J23-0.5988372093023255)/0.3150283166080015)+0.06750820616826923*((K23-1.2325581395348837)/0.22487302867225245)+-0.07641590045874966*((L23-0.656630405159884)/0.44019139681009145)+(0.3813953488372092))*10,0)))"
23,2,0.4513888888888889,0.45714285714285713,0.71875,0.6041666666666666,4.1,0.6,0.25,0.25,1.0,0.43424479166666663,=-0.06462727312395819*((C24-0.46757913436692516)/0.10912813884245519)+-0.04085839915076495*((D24-0.4630576057517674)/0.20646455623576943)+-0.01325582586926501*((E24-1.107840762273902)/0.40281036626675276)+0.020749741984031893*((F24-0.5746931524547804)/0.2846415916793825)+-0.015300680217751716*((G24-4.419767441860466)/0.8276570796770973)+-0.05905517863176681*((H24-0.538692959076421)/0.1165997989858064)+0.06750819716209572*((I24-0.3081395348837209)/0.056218264668063116)+0.06351871005875573*((J24-0.5988372093023255)/0.3150283166080015)+0.06750820616826923*((K24-1.2325581395348837)/0.22487302867225245)+-0.07641590045874966*((L24-0.656630405159884)/0.44019139681009145)+(0.3813953488372092),"=MAX(0,MIN(10,ROUND((=-0.06462727312395819*((C24-0.46757913436692516)/0.10912813884245519)+-0.04085839915076495*((D24-0.4630576057517674)/0.20646455623576943)+-0.01325582586926501*((E24-1.107840762273902)/0.40281036626675276)+0.020749741984031893*((F24-0.5746931524547804)/0.2846415916793825)+-0.015300680217751716*((G24-4.419767441860466)/0.8276570796770973)+-0.05905517863176681*((H24-0.538692959076421)/0.1165997989858064)+0.06750819716209572*((I24-0.3081395348837209)/0.056218264668063116)+0.06351871005875573*((J24-0.5988372093023255)/0.3150283166080015)+0.06750820616826923*((K24-1.2325581395348837)/0.22487302867225245)+-0.07641590045874966*((L24-0.656630405159884)/0.44019139681009145)+(0.3813953488372092))*10,0)))"
24,2,0.4618055555555556,0.43137254901960786,1.0243055555555556,0.4270833333333333,3.85,0.5084745762711864,0.25,0.25,1.0,0.4374638310185185,=-0.06462727312395819*((C25-0.46757913436692516)/0.10912813884245519)+-0.04085839915076495*((D25-0.4630576057517674)/0.20646455623576943)+-0.01325582586926501*((E25-1.107840762273902)/0.40281036626675276)+0.020749741984031893*((F25-0.5746931524547804)/0.2846415916793825)+-0.015300680217751716*((G25-4.419767441860466)/0.8276570796770973)+-0.05905517863176681*((H25-0.538692959076421)/0.1165997989858064)+0.06750819716209572*((I25-0.3081395348837209)/0.056218264668063116)+0.06351871005875573*((J25-0.5988372093023255)/0.3150283166080015)+0.06750820616826923*((K25-1.2325581395348837)/0.22487302867225245)+-0.07641590045874966*((L25-0.656630405159884)/0.44019139681009145)+(0.3813953488372092),"=MAX(0,MIN(10,ROUND((=-0.06462727312395819*((C25-0.46757913436692516)/0.10912813884245519)+-0.04085839915076495*((D25-0.4630576057517674)/0.20646455623576943)+-0.01325582586926501*((E25-1.107840762273902)/0.40281036626675276)+0.020749741984031893*((F25-0.5746931524547804)/0.2846415916793825)+-0.015300680217751716*((G25-4.419767441860466)/0.8276570796770973)+-0.05905517863176681*((H25-0.538692959076421)/0.1165997989858064)+0.06750819716209572*((I25-0.3081395348837209)/0.056218264668063116)+0.06351871005875573*((J25-0.5988372093023255)/0.3150283166080015)+0.06750820616826923*((K25-1.2325581395348837)/0.22487302867225245)+-0.07641590045874966*((L25-0.656630405159884)/0.44019139681009145)+(0.3813953488372092))*10,0)))"
25,4,0.4444444444444444,0.3732142857142857,1.09375,0.4444444444444444,3.8,0.5735294117647058,0.3125,1.0,1.25,0.4861111111111111,=-0.06462727312395819*((C26-0.46757913436692516)/0.10912813884245519)+-0.04085839915076495*((D26-0.4630576057517674)/0.20646455623576943)+-0.01325582586926501*((E26-1.107840762273902)/0.40281036626675276)+0.020749741984031893*((F26-0.5746931524547804)/0.2846415916793825)+-0.015300680217751716*((G26-4.419767441860466)/0.8276570796770973)+-0.05905517863176681*((H26-0.538692959076421)/0.1165997989858064)+0.06750819716209572*((I26-0.3081395348837209)/0.056218264668063116)+0.06351871005875573*((J26-0.5988372093023255)/0.3150283166080015)+0.06750820616826923*((K26-1.2325581395348837)/0.22487302867225245)+-0.07641590045874966*((L26-0.656630405159884)/0.44019139681009145)+(0.3813953488372092),"=MAX(0,MIN(10,ROUND((=-0.06462727312395819*((C26-0.46757913436692516)/0.10912813884245519)+-0.04085839915076495*((D26-0.4630576057517674)/0.20646455623576943)+-0.01325582586926501*((E26-1.107840762273902)/0.40281036626675276)+0.020749741984031893*((F26-0.5746931524547804)/0.2846415916793825)+-0.015300680217751716*((G26-4.419767441860466)/0.8276570796770973)+-0.05905517863176681*((H26-0.538692959076421)/0.1165997989858064)+0.06750819716209572*((I26-0.3081395348837209)/0.056218264668063116)+0.06351871005875573*((J26-0.5988372093023255)/0.3150283166080015)+0.06750820616826923*((K26-1.2325581395348837)/0.22487302867225245)+-0.07641590045874966*((L26-0.656630405159884)/0.44019139681009145)+(0.3813953488372092))*10,0)))"
26,4,0.4131944444444445,0.36696428571428574,0.9027777777777778,0.7361111111111112,4.5,0.5888888888888889,0.375,0.25,1.5,0.6645447530864198,=-0.06462727312395819*((C27-0.46757913436692516)/0.10912813884245519)+-0.04085839915076495*((D27-0.4630576057517674)/0.20646455623576943)+-0.01325582586926501*((E27-1.107840762273902)/0.40281036626675276)+0.020749741984031893*((F27-0.5746931524547804)/0.2846415916793825)+-0.015300680217751716*((G27-4.419767441860466)/0.8276570796770973)+-0.05905517863176681*((H27-0.538692959076421)/0.1165997989858064)+0.06750819716209572*((I27-0.3081395348837209)/0.056218264668063116)+0.06351871005875573*((J27-0.5988372093023255)/0.3150283166080015)+0.06750820616826923*((K27-1.2325581395348837)/0.22487302867225245)+-0.07641590045874966*((L27-0.656630405159884)/0.44019139681009145)+(0.3813953488372092),"=MAX(0,MIN(10,ROUND((=-0.06462727312395819*((C27-0.46757913436692516)/0.10912813884245519)+-0.04085839915076495*((D27-0.4630576057517674)/0.20646455623576943)+-0.01325582586926501*((E27-1.107840762273902)/0.40281036626675276)+0.020749741984031893*((F27-0.5746931524547804)/0.2846415916793825)+-0.015300680217751716*((G27-4.419767441860466)/0.8276570796770973)+-0.05905517863176681*((H27-0.538692959076421)/0.1165997989858064)+0.06750819716209572*((I27-0.3081395348837209)/0.056218264668063116)+0.06351871005875573*((J27-0.5988372093023255)/0.3150283166080015)+0.06750820616826923*((K27-1.2325581395348837)/0.22487302867225245)+-0.07641590045874966*((L27-0.656630405159884)/0.44019139681009145)+(0.3813953488372092))*10,0)))"
27,4,0.5625,0.44780701754385965,2.5416666666666665,0.9375,4.6000000000000005,0.35,0.4375,1.0,1.75,2.3828125,=-0.06462727312395819*((C28-0.46757913436692516)/0.10912813884245519)+-0.04085839915076495*((D28-0.4630576057517674)/0.20646455623576943)+-0.01325582586926501*((E28-1.107840762273902)/0.40281036626675276)+0.020749741984031893*((F28-0.5746931524547804)/0.2846415916793825)+-0.015300680217751716*((G28-4.419767441860466)/0.8276570796770973)+-0.05905517863176681*((H28-0.538692959076421)/0.1165997989858064)+0.06750819716209572*((I28-0.3081395348837209)/0.056218264668063116)+0.06351871005875573*((J28-0.5988372093023255)/0.3150283166080015)+0.06750820616826923*((K28-1.2325581395348837)/0.22487302867225245)+-0.07641590045874966*((L28-0.656630405159884)/0.44019139681009145)+(0.3813953488372092),"=MAX(0,MIN(10,ROUND((=-0.06462727312395819*((C28-0.46757913436692516)/0.10912813884245519)+-0.04085839915076495*((D28-0.4630576057517674)/0.20646455623576943)+-0.01325582586926501*((E28-1.107840762273902)/0.40281036626675276)+0.020749741984031893*((F28-0.5746931524547804)/0.2846415916793825)+-0.015300680217751716*((G28-4.419767441860466)/0.8276570796770973)+-0.05905517863176681*((H28-0.538692959076421)/0.1165997989858064)+0.06750819716209572*((I28-0.3081395348837209)/0.056218264668063116)+0.06351871005875573*((J28-0.5988372093023255)/0.3150283166080015)+0.06750820616826923*((K28-1.2325581395348837)/0.22487302867225245)+-0.07641590045874966*((L28-0.656630405159884)/0.44019139681009145)+(0.3813953488372092))*10,0)))"
28,5,0.48958333333333337,0.45,1.0208333333333333,0.3125,3.9000000000000004,0.5375,0.3125,0.5,1.25,0.31901041666666663,=-0.06462727312395819*((C29-0.46757913436692516)/0.10912813884245519)+-0.04085839915076495*((D29-0.4630576057517674)/0.20646455623576943)+-0.01325582586926501*((E29-1.107840762273902)/0.40281036626675276)+0.020749741984031893*((F29-0.5746931524547804)/0.2846415916793825)+-0.015300680217751716*((G29-4.419767441860466)/0.8276570796770973)+-0.05905517863176681*((H29-0.538692959076421)/0.1165997989858064)+0.06750819716209572*((I29-0.3081395348837209)/0.056218264668063116)+0.06351871005875573*((J29-0.5988372093023255)/0.3150283166080015)+0.06750820616826923*((K29-1.2325581395348837)/0.22487302867225245)+-0.07641590045874966*((L29-0.656630405159884)/0.44019139681009145)+(0.3813953488372092),"=MAX(0,MIN(10,ROUND((=-0.06462727312395819*((C29-0.46757913436692516)/0.10912813884245519)+-0.04085839915076495*((D29-0.4630576057517674)/0.20646455623576943)+-0.01325582586926501*((E29-1.107840762273902)/0.40281036626675276)+0.020749741984031893*((F29-0.5746931524547804)/0.2846415916793825)+-0.015300680217751716*((G29-4.419767441860466)/0.8276570796770973)+-0.05905517863176681*((H29-0.538692959076421)/0.1165997989858064)+0.06750819716209572*((I29-0.3081395348837209)/0.056218264668063116)+0.06351871005875573*((J29-0.5988372093023255)/0.3150283166080015)+0.06750820616826923*((K29-1.2325581395348837)/0.22487302867225245)+-0.07641590045874966*((L29-0.656630405159884)/0.44019139681009145)+(0.3813953488372092))*10,0)))"
29,1,0.4895833333333333,0.25189950980392156,1.0729166666666667,0.40625,4.9,0.5104166666666666,0.3125,0.5,1.25,0.43587239583333337,=-0.06462727312395819*((C30-0.46757913436692516)/0.10912813884245519)+-0.04085839915076495*((D30-0.4630576057517674)/0.20646455623576943)+-0.01325582586926501*((E30-1.107840762273902)/0.40281036626675276)+0.020749741984031893*((F30-0.5746931524547804)/0.2846415916793825)+-0.015300680217751716*((G30-4.419767441860466)/0.8276570796770973)+-0.05905517863176681*((H30-0.538692959076421)/0.1165997989858064)+0.06750819716209572*((I30-0.3081395348837209)/0.056218264668063116)+0.06351871005875573*((J30-0.5988372093023255)/0.3150283166080015)+0.06750820616826923*((K30-1.2325581395348837)/0.22487302867225245)+-0.07641590045874966*((L30-0.656630405159884)/0.44019139681009145)+(0.3813953488372092),"=MAX(0,MIN(10,ROUND((=-0.06462727312395819*((C30-0.46757913436692516)/0.10912813884245519)+-0.04085839915076495*((D30-0.4630576057517674)/0.20646455623576943)+-0.01325582586926501*((E30-1.107840762273902)/0.40281036626675276)+0.020749741984031893*((F30-0.5746931524547804)/0.2846415916793825)+-0.015300680217751716*((G30-4.419767441860466)/0.8276570796770973)+-0.05905517863176681*((H30-0.538692959076421)/0.1165997989858064)+0.06750819716209572*((I30-0.3081395348837209)/0.056218264668063116)+0.06351871005875573*((J30-0.5988372093023255)/0.3150283166080015)+0.06750820616826923*((K30-1.2325581395348837)/0.22487302867225245)+-0.07641590045874966*((L30-0.656630405159884)/0.44019139681009145)+(0.3813953488372092))*10,0)))"
30,2,0.3506944444444444,0.18333333333333332,0.9270833333333333,0.9930555555555555,3.7,0.6588235294117647,0.3125,0.5,1.25,0.9206452546296294,=-0.06462727312395819*((C31-0.46757913436692516)/0.10912813884245519)+-0.04085839915076495*((D31-0.4630576057517674)/0.20646455623576943)+-0.01325582586926501*((E31-1.107840762273902)/0.40281036626675276)+0.020749741984031893*((F31-0.5746931524547804)/0.2846415916793825)+-0.015300680217751716*((G31-4.419767441860466)/0.8276570796770973)+-0.05905517863176681*((H31-0.538692959076421)/0.1165997989858064)+0.06750819716209572*((I31-0.3081395348837209)/0.056218264668063116)+0.06351871005875573*((J31-0.5988372093023255)/0.3150283166080015)+0.06750820616826923*((K31-1.2325581395348837)/0.22487302867225245)+-0.07641590045874966*((L31-0.656630405159884)/0.44019139681009145)+(0.3813953488372092),"=MAX(0,MIN(10,ROUND((=-0.06462727312395819*((C31-0.46757913436692516)/0.10912813884245519)+-0.04085839915076495*((D31-0.4630576057517674)/0.20646455623576943)+-0.01325582586926501*((E31-1.107840762273902)/0.40281036626675276)+0.020749741984031893*((F31-0.5746931524547804)/0.2846415916793825)+-0.015300680217751716*((G31-4.419767441860466)/0.8276570796770973)+-0.05905517863176681*((H31-0.538692959076421)/0.1165997989858064)+0.06750819716209572*((I31-0.3081395348837209)/0.056218264668063116)+0.06351871005875573*((J31-0.5988372093023255)/0.3150283166080015)+0.06750820616826923*((K31-1.2325581395348837)/0.22487302867225245)+-0.07641590045874966*((L31-0.656630405159884)/0.44019139681009145)+(0.3813953488372092))*10,0)))"
31,4,0.4149305555555556,0.4504901960784314,0.7395833333333333,0.46875,4.25,0.5543478260869565,0.3125,0.25,1.25,0.34667968749999994,=-0.06462727312395819*((C32-0.46757913436692516)/0.10912813884245519)+-0.04085839915076495*((D32-0.4630576057517674)/0.20646455623576943)+-0.01325582586926501*((E32-1.107840762273902)/0.40281036626675276)+0.020749741984031893*((F32-0.5746931524547804)/0.2846415916793825)+-0.015300680217751716*((G32-4.419767441860466)/0.8276570796770973)+-0.05905517863176681*((H32-0.538692959076421)/0.1165997989858064)+0.06750819716209572*((I32-0.3081395348837209)/0.056218264668063116)+0.06351871005875573*((J32-0.5988372093023255)/0.3150283166080015)+0.06750820616826923*((K32-1.2325581395348837)/0.22487302867225245)+-0.07641590045874966*((L32-0.656630405159884)/0.44019139681009145)+(0.3813953488372092),"=MAX(0,MIN(10,ROUND((=-0.06462727312395819*((C32-0.46757913436692516)/0.10912813884245519)+-0.04085839915076495*((D32-0.4630576057517674)/0.20646455623576943)+-0.01325582586926501*((E32-1.107840762273902)/0.40281036626675276)+0.020749741984031893*((F32-0.5746931524547804)/0.2846415916793825)+-0.015300680217751716*((G32-4.419767441860466)/0.8276570796770973)+-0.05905517863176681*((H32-0.538692959076421)/0.1165997989858064)+0.06750819716209572*((I32-0.3081395348837209)/0.056218264668063116)+0.06351871005875573*((J32-0.5988372093023255)/0.3150283166080015)+0.06750820616826923*((K32-1.2325581395348837)/0.22487302867225245)+-0.07641590045874966*((L32-0.656630405159884)/0.44019139681009145)+(0.3813953488372092))*10,0)))"
32,0,0.5138888888888888,0.7222222222222222,0.9166666666666666,0.3333333333333333,3.5,0.6901408450704225,0.25,0.25,1.0,0.3055555555555555,=-0.06462727312395819*((C33-0.46757913436692516)/0.10912813884245519)+-0.04085839915076495*((D33-0.4630576057517674)/0.20646455623576943)+-0.01325582586926501*((E33-1.107840762273902)/0.40281036626675276)+0.020749741984031893*((F33-0.5746931524547804)/0.2846415916793825)+-0.015300680217751716*((G33-4.419767441860466)/0.8276570796770973)+-0.05905517863176681*((H33-0.538692959076421)/0.1165997989858064)+0.06750819716209572*((I33-0.3081395348837209)/0.056218264668063116)+0.06351871005875573*((J33-0.5988372093023255)/0.3150283166080015)+0.06750820616826923*((K33-1.2325581395348837)/0.22487302867225245)+-0.07641590045874966*((L33-0.656630405159884)/0.44019139681009145)+(0.3813953488372092),"=MAX(0,MIN(10,ROUND((=-0.06462727312395819*((C33-0.46757913436692516)/0.10912813884245519)+-0.04085839915076495*((D33-0.4630576057517674)/0.20646455623576943)+-0.01325582586926501*((E33-1.107840762273902)/0.40281036626675276)+0.020749741984031893*((F33-0.5746931524547804)/0.2846415916793825)+-0.015300680217751716*((G33-4.419767441860466)/0.8276570796770973)+-0.05905517863176681*((H33-0.538692959076421)/0.1165997989858064)+0.06750819716209572*((I33-0.3081395348837209)/0.056218264668063116)+0.06351871005875573*((J33-0.5988372093023255)/0.3150283166080015)+0.06750820616826923*((K33-1.2325581395348837)/0.22487302867225245)+-0.07641590045874966*((L33-0.656630405159884)/0.44019139681009145)+(0.3813953488372092))*10,0)))"
33,2,0.46354166666666663,0.7083333333333334,1.0711805555555556,0.19618055555555555,4.15,0.5714285714285714,0.25,0.25,1.0,0.21014479648919754,=-0.06462727312395819*((C34-0.46757913436692516)/0.10912813884245519)+-0.04085839915076495*((D34-0.4630576057517674)/0.20646455623576943)+-0.01325582586926501*((E34-1.107840762273902)/0.40281036626675276)+0.020749741984031893*((F34-0.5746931524547804)/0.2846415916793825)+-0.015300680217751716*((G34-4.419767441860466)/0.8276570796770973)+-0.05905517863176681*((H34-0.538692959076421)/0.1165997989858064)+0.06750819716209572*((I34-0.3081395348837209)/0.056218264668063116)+0.06351871005875573*((J34-0.5988372093023255)/0.3150283166080015)+0.06750820616826923*((K34-1.2325581395348837)/0.22487302867225245)+-0.07641590045874966*((L34-0.656630405159884)/0.44019139681009145)+(0.3813953488372092),"=MAX(0,MIN(10,ROUND((=-0.06462727312395819*((C34-0.46757913436692516)/0.10912813884245519)+-0.04085839915076495*((D34-0.4630576057517674)/0.20646455623576943)+-0.01325582586926501*((E34-1.107840762273902)/0.40281036626675276)+0.020749741984031893*((F34-0.5746931524547804)/0.2846415916793825)+-0.015300680217751716*((G34-4.419767441860466)/0.8276570796770973)+-0.05905517863176681*((H34-0.538692959076421)/0.1165997989858064)+0.06750819716209572*((I34-0.3081395348837209)/0.056218264668063116)+0.06351871005875573*((J34-0.5988372093023255)/0.3150283166080015)+0.06750820616826923*((K34-1.2325581395348837)/0.22487302867225245)+-0.07641590045874966*((L34-0.656630405159884)/0.44019139681009145)+(0.3813953488372092))*10,0)))"
34,2,0.3125,0.5384615384615384,0.6145833333333334,0.375,6.800000000000001,0.65625,0.25,0.25,1.0,0.23046875,=-0.06462727312395819*((C35-0.46757913436692516)/0.10912813884245519)+-0.04085839915076495*((D35-0.4630576057517674)/0.20646455623576943)+-0.01325582586926501*((E35-1.107840762273902)/0.40281036626675276)+0.020749741984031893*((F35-0.5746931524547804)/0.2846415916793825)+-0.015300680217751716*((G35-4.419767441860466)/0.8276570796770973)+-0.05905517863176681*((H35-0.538692959076421)/0.1165997989858064)+0.06750819716209572*((I35-0.3081395348837209)/0.056218264668063116)+0.06351871005875573*((J35-0.5988372093023255)/0.3150283166080015)+0.06750820616826923*((K35-1.2325581395348837)/0.22487302867225245)+-0.07641590045874966*((L35-0.656630405159884)/0.44019139681009145)+(0.3813953488372092),"=MAX(0,MIN(10,ROUND((=-0.06462727312395819*((C35-0.46757913436692516)/0.10912813884245519)+-0.04085839915076495*((D35-0.4630576057517674)/0.20646455623576943)+-0.01325582586926501*((E35-1.107840762273902)/0.40281036626675276)+0.020749741984031893*((F35-0.5746931524547804)/0.2846415916793825)+-0.015300680217751716*((G35-4.419767441860466)/0.8276570796770973)+-0.05905517863176681*((H35-0.538692959076421)/0.1165997989858064)+0.06750819716209572*((I35-0.3081395348837209)/0.056218264668063116)+0.06351871005875573*((J35-0.5988372093023255)/0.3150283166080015)+0.06750820616826923*((K35-1.2325581395348837)/0.22487302867225245)+-0.07641590045874966*((L35-0.656630405159884)/0.44019139681009145)+(0.3813953488372092))*10,0)))"
35,5,0.4722222222222222,0.19503968253968254,1.0729166666666667,0.578125,4.050000000000001,0.55,0.3125,0.5,1.25,0.6202799479166667,=-0.06462727312395819*((C36-0.46757913436692516)/0.10912813884245519)+-0.04085839915076495*((D36-0.4630576057517674)/0.20646455623576943)+-0.01325582586926501*((E36-1.107840762273902)/0.40281036626675276)+0.020749741984031893*((F36-0.5746931524547804)/0.2846415916793825)+-0.015300680217751716*((G36-4.419767441860466)/0.8276570796770973)+-0.05905517863176681*((H36-0.538692959076421)/0.1165997989858064)+0.06750819716209572*((I36-0.3081395348837209)/0.056218264668063116)+0.06351871005875573*((J36-0.5988372093023255)/0.3150283166080015)+0.06750820616826923*((K36-1.2325581395348837)/0.22487302867225245)+-0.07641590045874966*((L36-0.656630405159884)/0.44019139681009145)+(0.3813953488372092),"=MAX(0,MIN(10,ROUND((=-0.06462727312395819*((C36-0.46757913436692516)/0.10912813884245519)+-0.04085839915076495*((D36-0.4630576057517674)/0.20646455623576943)+-0.01325582586926501*((E36-1.107840762273902)/0.40281036626675276)+0.020749741984031893*((F36-0.5746931524547804)/0.2846415916793825)+-0.015300680217751716*((G36-4.419767441860466)/0.8276570796770973)+-0.05905517863176681*((H36-0.538692959076421)/0.1165997989858064)+0.06750819716209572*((I36-0.3081395348837209)/0.056218264668063116)+0.06351871005875573*((J36-0.5988372093023255)/0.3150283166080015)+0.06750820616826923*((K36-1.2325581395348837)/0.22487302867225245)+-0.07641590045874966*((L36-0.656630405159884)/0.44019139681009145)+(0.3813953488372092))*10,0)))"
36,3,0.4340277777777778,0.6644736842105263,1.0347222222222223,0.75,4.65,0.49122807017543857,0.3125,0.5,1.25,0.7760416666666667,=-0.06462727312395819*((C37-0.46757913436692516)/0.10912813884245519)+-0.04085839915076495*((D37-0.4630576057517674)/0.20646455623576943)+-0.01325582586926501*((E37-1.107840762273902)/0.40281036626675276)+0.020749741984031893*((F37-0.5746931524547804)/0.2846415916793825)+-0.015300680217751716*((G37-4.419767441860466)/0.8276570796770973)+-0.05905517863176681*((H37-0.538692959076421)/0.1165997989858064)+0.06750819716209572*((I37-0.3081395348837209)/0.056218264668063116)+0.06351871005875573*((J37-0.5988372093023255)/0.3150283166080015)+0.06750820616826923*((K37-1.2325581395348837)/0.22487302867225245)+-0.07641590045874966*((L37-0.656630405159884)/0.44019139681009145)+(0.3813953488372092),"=MAX(0,MIN(10,ROUND((=-0.06462727312395819*((C37-0.46757913436692516)/0.10912813884245519)+-0.04085839915076495*((D37-0.4630576057517674)/0.20646455623576943)+-0.01325582586926501*((E37-1.107840762273902)/0.40281036626675276)+0.020749741984031893*((F37-0.5746931524547804)/0.2846415916793825)+-0.015300680217751716*((G37-4.419767441860466)/0.8276570796770973)+-0.05905517863176681*((H37-0.538692959076421)/0.1165997989858064)+0.06750819716209572*((I37-0.3081395348837209)/0.056218264668063116)+0.06351871005875573*((J37-0.5988372093023255)/0.3150283166080015)+0.06750820616826923*((K37-1.2325581395348837)/0.22487302867225245)+-0.07641590045874966*((L37-0.656630405159884)/0.44019139681009145)+(0.3813953488372092))*10,0)))"
37,2,0.6388888888888888,0.5165771728271729,1.8333333333333335,0.6875,5.8500000000000005,0.45652173913043476,0.375,0.5,1.5,1.2604166666666667,=-0.06462727312395819*((C38-0.46757913436692516)/0.10912813884245519)+-0.04085839915076495*((D38-0.4630576057517674)/0.20646455623576943)+-0.01325582586926501*((E38-1.107840762273902)/0.40281036626675276)+0.020749741984031893*((F38-0.5746931524547804)/0.2846415916793825)+-0.015300680217751716*((G38-4.419767441860466)/0.8276570796770973)+-0.05905517863176681*((H38-0.538692959076421)/0.1165997989858064)+0.06750819716209572*((I38-0.3081395348837209)/0.056218264668063116)+0.06351871005875573*((J38-0.5988372093023255)/0.3150283166080015)+0.06750820616826923*((K38-1.2325581395348837)/0.22487302867225245)+-0.07641590045874966*((L38-0.656630405159884)/0.44019139681009145)+(0.3813953488372092),"=MAX(0,MIN(10,ROUND((=-0.06462727312395819*((C38-0.46757913436692516)/0.10912813884245519)+-0.04085839915076495*((D38-0.4630576057517674)/0.20646455623576943)+-0.01325582586926501*((E38-1.107840762273902)/0.40281036626675276)+0.020749741984031893*((F38-0.5746931524547804)/0.2846415916793825)+-0.015300680217751716*((G38-4.419767441860466)/0.8276570796770973)+-0.05905517863176681*((H38-0.538692959076421)/0.1165997989858064)+0.06750819716209572*((I38-0.3081395348837209)/0.056218264668063116)+0.06351871005875573*((J38-0.5988372093023255)/0.3150283166080015)+0.06750820616826923*((K38-1.2325581395348837)/0.22487302867225245)+-0.07641590045874966*((L38-0.656630405159884)/0.44019139681009145)+(0.3813953488372092))*10,0)))"
38,6,0.6354166666666666,0.34523809523809523,1.7361111111111112,0.3611111111111111,3.95,0.2857142857142857,0.3125,0.25,1.25,0.626929012345679,=-0.06462727312395819*((C39-0.46757913436692516)/0.10912813884245519)+-0.04085839915076495*((D39-0.4630576057517674)/0.20646455623576943)+-0.01325582586926501*((E39-1.107840762273902)/0.40281036626675276)+0.020749741984031893*((F39-0.5746931524547804)/0.2846415916793825)+-0.015300680217751716*((G39-4.419767441860466)/0.8276570796770973)+-0.05905517863176681*((H39-0.538692959076421)/0.1165997989858064)+0.06750819716209572*((I39-0.3081395348837209)/0.056218264668063116)+0.06351871005875573*((J39-0.5988372093023255)/0.3150283166080015)+0.06750820616826923*((K39-1.2325581395348837)/0.22487302867225245)+-0.07641590045874966*((L39-0.656630405159884)/0.44019139681009145)+(0.3813953488372092),"=MAX(0,MIN(10,ROUND((=-0.06462727312395819*((C39-0.46757913436692516)/0.10912813884245519)+-0.04085839915076495*((D39-0.4630576057517674)/0.20646455623576943)+-0.01325582586926501*((E39-1.107840762273902)/0.40281036626675276)+0.020749741984031893*((F39-0.5746931524547804)/0.2846415916793825)+-0.015300680217751716*((G39-4.419767441860466)/0.8276570796770973)+-0.05905517863176681*((H39-0.538692959076421)/0.1165997989858064)+0.06750819716209572*((I39-0.3081395348837209)/0.056218264668063116)+0.06351871005875573*((J39-0.5988372093023255)/0.3150283166080015)+0.06750820616826923*((K39-1.2325581395348837)/0.22487302867225245)+-0.07641590045874966*((L39-0.656630405159884)/0.44019139681009145)+(0.3813953488372092))*10,0)))"
39,2,0.2604166666666667,0.75,0.5520833333333334,0.453125,4.050000000000001,0.7580645161290323,0.25,0.5,1.0,0.2501627604166667,=-0.06462727312395819*((C40-0.46757913436692516)/0.10912813884245519)+-0.04085839915076495*((D40-0.4630576057517674)/0.20646455623576943)+-0.01325582586926501*((E40-1.107840762273902)/0.40281036626675276)+0.020749741984031893*((F40-0.5746931524547804)/0.2846415916793825)+-0.015300680217751716*((G40-4.419767441860466)/0.8276570796770973)+-0.05905517863176681*((H40-0.538692959076421)/0.1165997989858064)+0.06750819716209572*((I40-0.3081395348837209)/0.056218264668063116)+0.06351871005875573*((J40-0.5988372093023255)/0.3150283166080015)+0.06750820616826923*((K40-1.2325581395348837)/0.22487302867225245)+-0.07641590045874966*((L40-0.656630405159884)/0.44019139681009145)+(0.3813953488372092),"=MAX(0,MIN(10,ROUND((=-0.06462727312395819*((C40-0.46757913436692516)/0.10912813884245519)+-0.04085839915076495*((D40-0.4630576057517674)/0.20646455623576943)+-0.01325582586926501*((E40-1.107840762273902)/0.40281036626675276)+0.020749741984031893*((F40-0.5746931524547804)/0.2846415916793825)+-0.015300680217751716*((G40-4.419767441860466)/0.8276570796770973)+-0.05905517863176681*((H40-0.538692959076421)/0.1165997989858064)+0.06750819716209572*((I40-0.3081395348837209)/0.056218264668063116)+0.06351871005875573*((J40-0.5988372093023255)/0.3150283166080015)+0.06750820616826923*((K40-1.2325581395348837)/0.22487302867225245)+-0.07641590045874966*((L40-0.656630405159884)/0.44019139681009145)+(0.3813953488372092))*10,0)))"
40,3,0.4513888888888889,0.6180555555555556,1.2361111111111112,0.41666666666666663,4.15,0.5294117647058824,0.3125,0.75,1.25,0.5150462962962963,=-0.06462727312395819*((C41-0.46757913436692516)/0.10912813884245519)+-0.04085839915076495*((D41-0.4630576057517674)/0.20646455623576943)+-0.01325582586926501*((E41-1.107840762273902)/0.40281036626675276)+0.020749741984031893*((F41-0.5746931524547804)/0.2846415916793825)+-0.015300680217751716*((G41-4.419767441860466)/0.8276570796770973)+-0.05905517863176681*((H41-0.538692959076421)/0.1165997989858064)+0.06750819716209572*((I41-0.3081395348837209)/0.056218264668063116)+0.06351871005875573*((J41-0.5988372093023255)/0.3150283166080015)+0.06750820616826923*((K41-1.2325581395348837)/0.22487302867225245)+-0.07641590045874966*((L41-0.656630405159884)/0.44019139681009145)+(0.3813953488372092),"=MAX(0,MIN(10,ROUND((=-0.06462727312395819*((C41-0.46757913436692516)/0.10912813884245519)+-0.04085839915076495*((D41-0.4630576057517674)/0.20646455623576943)+-0.01325582586926501*((E41-1.107840762273902)/0.40281036626675276)+0.020749741984031893*((F41-0.5746931524547804)/0.2846415916793825)+-0.015300680217751716*((G41-4.419767441860466)/0.8276570796770973)+-0.05905517863176681*((H41-0.538692959076421)/0.1165997989858064)+0.06750819716209572*((I41-0.3081395348837209)/0.056218264668063116)+0.06351871005875573*((J41-0.5988372093023255)/0.3150283166080015)+0.06750820616826923*((K41-1.2325581395348837)/0.22487302867225245)+-0.07641590045874966*((L41-0.656630405159884)/0.44019139681009145)+(0.3813953488372092))*10,0)))"
41,4,0.5694444444444444,0.33229166666666665,1.5972222222222223,0.9583333333333334,4.5,0.4111111111111111,0.375,0.5,1.5,1.5306712962962965,=-0.06462727312395819*((C42-0.46757913436692516)/0.10912813884245519)+-0.04085839915076495*((D42-0.4630576057517674)/0.20646455623576943)+-0.01325582586926501*((E42-1.107840762273902)/0.40281036626675276)+0.020749741984031893*((F42-0.5746931524547804)/0.2846415916793825)+-0.015300680217751716*((G42-4.419767441860466)/0.8276570796770973)+-0.05905517863176681*((H42-0.538692959076421)/0.1165997989858064)+0.06750819716209572*((I42-0.3081395348837209)/0.056218264668063116)+0.06351871005875573*((J42-0.5988372093023255)/0.3150283166080015)+0.06750820616826923*((K42-1.2325581395348837)/0.22487302867225245)+-0.07641590045874966*((L42-0.656630405159884)/0.44019139681009145)+(0.3813953488372092),"=MAX(0,MIN(10,ROUND((=-0.06462727312395819*((C42-0.46757913436692516)/0.10912813884245519)+-0.04085839915076495*((D42-0.4630576057517674)/0.20646455623576943)+-0.01325582586926501*((E42-1.107840762273902)/0.40281036626675276)+0.020749741984031893*((F42-0.5746931524547804)/0.2846415916793825)+-0.015300680217751716*((G42-4.419767441860466)/0.8276570796770973)+-0.05905517863176681*((H42-0.538692959076421)/0.1165997989858064)+0.06750819716209572*((I42-0.3081395348837209)/0.056218264668063116)+0.06351871005875573*((J42-0.5988372093023255)/0.3150283166080015)+0.06750820616826923*((K42-1.2325581395348837)/0.22487302867225245)+-0.07641590045874966*((L42-0.656630405159884)/0.44019139681009145)+(0.3813953488372092))*10,0)))"
42,4,0.6909722222222222,0.36964285714285716,1.6388888888888888,0.3020833333333333,4.2,0.3763440860215054,0.3125,0.5,1.25,0.4950810185185185,=-0.06462727312395819*((C43-0.46757913436692516)/0.10912813884245519)+-0.04085839915076495*((D43-0.4630576057517674)/0.20646455623576943)+-0.01325582586926501*((E43-1.107840762273902)/0.40281036626675276)+0.020749741984031893*((F43-0.5746931524547804)/0.2846415916793825)+-0.015300680217751716*((G43-4.419767441860466)/0.8276570796770973)+-0.05905517863176681*((H43-0.538692959076421)/0.1165997989858064)+0.06750819716209572*((I43-0.3081395348837209)/0.056218264668063116)+0.06351871005875573*((J43-0.5988372093023255)/0.3150283166080015)+0.06750820616826923*((K43-1.2325581395348837)/0.22487302867225245)+-0.07641590045874966*((L43-0.656630405159884)/0.44019139681009145)+(0.3813953488372092),"=MAX(0,MIN(10,ROUND((=-0.06462727312395819*((C43-0.46757913436692516)/0.10912813884245519)+-0.04085839915076495*((D43-0.4630576057517674)/0.20646455623576943)+-0.01325582586926501*((E43-1.107840762273902)/0.40281036626675276)+0.020749741984031893*((F43-0.5746931524547804)/0.2846415916793825)+-0.015300680217751716*((G43-4.419767441860466)/0.8276570796770973)+-0.05905517863176681*((H43-0.538692959076421)/0.1165997989858064)+0.06750819716209572*((I43-0.3081395348837209)/0.056218264668063116)+0.06351871005875573*((J43-0.5988372093023255)/0.3150283166080015)+0.06750820616826923*((K43-1.2325581395348837)/0.22487302867225245)+-0.07641590045874966*((L43-0.656630405159884)/0.44019139681009145)+(0.3813953488372092))*10,0)))"
43,1,0.5659722222222222,0.16185897435897437,1.1979166666666665,0.42708333333333337,5.15,0.4673913043478261,0.25,0.5,1.0,0.5116102430555556,=-0.06462727312395819*((C44-0.46757913436692516)/0.10912813884245519)+-0.04085839915076495*((D44-0.4630576057517674)/0.20646455623576943)+-0.01325582586926501*((E44-1.107840762273902)/0.40281036626675276)+0.020749741984031893*((F44-0.5746931524547804)/0.2846415916793825)+-0.015300680217751716*((G44-4.419767441860466)/0.8276570796770973)+-0.05905517863176681*((H44-0.538692959076421)/0.1165997989858064)+0.06750819716209572*((I44-0.3081395348837209)/0.056218264668063116)+0.06351871005875573*((J44-0.5988372093023255)/0.3150283166080015)+0.06750820616826923*((K44-1.2325581395348837)/0.22487302867225245)+-0.07641590045874966*((L44-0.656630405159884)/0.44019139681009145)+(0.3813953488372092),"=MAX(0,MIN(10,ROUND((=-0.06462727312395819*((C44-0.46757913436692516)/0.10912813884245519)+-0.04085839915076495*((D44-0.4630576057517674)/0.20646455623576943)+-0.01325582586926501*((E44-1.107840762273902)/0.40281036626675276)+0.020749741984031893*((F44-0.5746931524547804)/0.2846415916793825)+-0.015300680217751716*((G44-4.419767441860466)/0.8276570796770973)+-0.05905517863176681*((H44-0.538692959076421)/0.1165997989858064)+0.06750819716209572*((I44-0.3081395348837209)/0.056218264668063116)+0.06351871005875573*((J44-0.5988372093023255)/0.3150283166080015)+0.06750820616826923*((K44-1.2325581395348837)/0.22487302867225245)+-0.07641590045874966*((L44-0.656630405159884)/0.44019139681009145)+(0.3813953488372092))*10,0)))"
